"","Term","Overlap","P.value","Adjusted.P.value","Old.P.value","Old.Adjusted.P.value","Odds.Ratio","Combined.Score","Genes"
"1","protein kinase complex (GO:1902911)","1/7",0.00593566199512446,0.0228764218962796,0,0,208.09375,1066.85019229932,"NEK10"
"2","transferase complex, transferring phosphorus-containing groups (GO:0061695)","1/9",0.00762547396542654,0.0228764218962796,0,0,156.0546875,760.963355159609,"NEK10"
"3","mitochondrial matrix (GO:0005759)","1/348",0.258087192945988,0.516174385891976,0,0,3.53674351585014,4.79036982042284,"SUPV3L1"
"4","intracellular organelle lumen (GO:0070013)","1/848",0.521369770642688,0.782054655964032,0,0,1.41204250295159,0.919657290099742,"SUPV3L1"
"5","nucleus (GO:0005634)","3/4484",0.769405269795163,0.857118338849781,0,0,0.741320496062741,0.194327856657487,"SUPV3L1;DNASE1;SAE1"
"6","intracellular membrane-bounded organelle (GO:0043231)","3/5192",0.857118338849781,0.857118338849781,0,0,0.610935220108471,0.094193555363657,"SUPV3L1;DNASE1;SAE1"
