"","Term","Overlap","P.value","Adjusted.P.value","Old.P.value","Old.Adjusted.P.value","Odds.Ratio","Combined.Score","Genes"
"1","Arginine biosynthesis","1/22",0.0185435492893687,0.0741741971574748,0,0,59.4107142857143,236.908142520545,"ACY1"
"2","Taste transduction","1/86",0.0706656488135395,0.141331297627079,0,0,14.6308823529412,38.7688490972201,"TAS2R41"
"3","Ubiquitin mediated proteolysis","1/140",0.112605853612683,0.150141138150244,0,0,8.9226618705036,19.4858584389448,"SAE1"
"4","Herpes simplex virus 1 infection","1/498",0.348730759790089,0.348730759790089,0,0,2.45045271629779,2.58144195155151,"ZNF875"
